url,path,downloaded,unzipped,accessed,release_date,dir,updated,newest_release
https://files.ssi.dk/covid19/overvagning/data/data-epidemiologiske-rapport-16112020-kx30.zip,data-epidemiologiske-rapport-16112020-kx30.zip,TRUE,TRUE,2020-11-17T09:56:33Z,2020-11-16,data-epidemiologiske-rapport-16112020-kx30,2020-11-16T11:35:00Z,TRUE
https://files.ssi.dk/covid19/overvagning/data/data-epidemiologiske-rapport-13112020-ag15.zip,data-epidemiologiske-rapport-13112020-ag15.zip,TRUE,TRUE,2020-11-17T09:56:33Z,2020-11-13,data-epidemiologiske-rapport-13112020-ag15,2020-11-13T11:04:00Z,TRUE
https://files.ssi.dk/covid19/overvagning/data/data-epidemiologiske-rapport-12112020-ql82.zip,data-epidemiologiske-rapport-12112020-ql82.zip,TRUE,TRUE,2020-11-17T09:56:33Z,2020-11-12,data-epidemiologiske-rapport-12112020-ql82,2020-11-12T10:55:00Z,TRUE
https://files.ssi.dk/covid19/overvagning/data/data-epidemiologiske-rapport-11112020-ed89.zip,data-epidemiologiske-rapport-11112020-ed89.zip,TRUE,TRUE,2020-11-17T09:56:33Z,2020-11-11,data-epidemiologiske-rapport-11112020-ed89,2020-11-11T10:49:00Z,TRUE
https://files.ssi.dk/covid19/overvagning/data/data-epidemiologiske-rapport-10112020-26ka.zip,data-epidemiologiske-rapport-10112020-26ka.zip,TRUE,TRUE,2020-11-17T09:56:33Z,2020-11-10,data-epidemiologiske-rapport-10112020-26ka,2020-11-10T12:42:00Z,TRUE
https://files.ssi.dk/covid19/overvagning/data/data-epidemiologisk-rapport-09112020-1puf.zip,data-epidemiologisk-rapport-09112020-1puf.zip,TRUE,TRUE,2020-11-17T09:56:33Z,2020-11-09,data-epidemiologisk-rapport-09112020-1puf,2020-11-09T10:56:00Z,TRUE
https://files.ssi.dk/covid19/overvagning/data/data-epidemiologiske-rapport-06112020-gh37.zip,data-epidemiologiske-rapport-06112020-gh37.zip,TRUE,TRUE,2020-11-17T09:56:33Z,2020-11-06,data-epidemiologiske-rapport-06112020-gh37,2020-11-06T10:54:00Z,TRUE
https://files.ssi.dk/covid19/overvagning/data/data-epidemiologiske-rapport-05112020-295a.zip,data-epidemiologiske-rapport-05112020-295a.zip,TRUE,TRUE,2020-11-17T09:56:33Z,2020-11-05,data-epidemiologiske-rapport-05112020-295a,2020-11-05T12:26:00Z,TRUE
https://files.ssi.dk/covid19/overvagning/data/data-epidemiologiske-rapport-04112020-hj5j.zip,data-epidemiologiske-rapport-04112020-hj5j.zip,TRUE,TRUE,2020-11-17T09:56:33Z,2020-11-04,data-epidemiologiske-rapport-04112020-hj5j,2020-11-04T12:01:00Z,TRUE
https://files.ssi.dk/covid19/overvagning/data/data-epidemiologiske-rapport-03112020-xkka.zip,data-epidemiologiske-rapport-03112020-xkka.zip,TRUE,TRUE,2020-11-17T09:56:33Z,2020-11-03,data-epidemiologiske-rapport-03112020-xkka,2020-11-03T13:19:00Z,TRUE
https://files.ssi.dk/covid19/overvagning/data/data-epidemiologiske-rapport-02112020-ny11.zip,data-epidemiologiske-rapport-02112020-ny11.zip,TRUE,TRUE,2020-11-17T09:56:33Z,2020-11-02,data-epidemiologiske-rapport-02112020-ny11,2020-11-02T12:10:00Z,TRUE
https://files.ssi.dk/covid19/overvagning/data/data-epidemiologiske-rapport-30102020-pc29.zip,data-epidemiologiske-rapport-30102020-pc29.zip,TRUE,TRUE,2020-11-17T09:56:33Z,2020-10-30,data-epidemiologiske-rapport-30102020-pc29,2020-10-30T13:17:00Z,TRUE
https://files.ssi.dk/covid19/overvagning/data/data-epidemiologiske-rapport-29102020-mj23.zip,data-epidemiologiske-rapport-29102020-mj23.zip,TRUE,TRUE,2020-11-17T09:56:33Z,2020-10-29,data-epidemiologiske-rapport-29102020-mj23,2020-10-29T11:32:00Z,TRUE
https://files.ssi.dk/Data-Epidemiologiske-Rapport-28102020-76pi.zip,Data-Epidemiologiske-Rapport-28102020-76pi.zip,TRUE,TRUE,2020-10-29T12:31:19Z,2020-10-28,Data-Epidemiologiske-Rapport-28102020-76pi,2020-10-28T11:18:00Z,NA
https://files.ssi.dk/Data-Epidemiologiske-Rapport-27102020-xxwa.zip,Data-Epidemiologiske-Rapport-27102020-xxwa.zip,TRUE,TRUE,2020-10-29T12:31:19Z,2020-10-27,Data-Epidemiologiske-Rapport-27102020-xxwa,2020-10-27T12:33:00Z,NA
https://files.ssi.dk/Data-epidemiologiske-rapport-26102020-cg13.zip,Data-epidemiologiske-rapport-26102020-cg13.zip,TRUE,TRUE,2020-10-27T09:58:20Z,2020-10-26,Data-epidemiologiske-rapport-26102020-cg13,2020-10-26T17:06:00Z,NA
https://files.ssi.dk/Data-epidemiologisk-rapport-23102020-2nix.zip,Data-epidemiologisk-rapport-23102020-2nix.zip,TRUE,TRUE,2020-10-27T09:58:20Z,2020-10-23,Data-epidemiologisk-rapport-23102020-2nix,2020-10-23T13:22:00Z,NA
https://files.ssi.dk/Data-Epidemiologiske-Rapport-22102020-20mg.zip,Data-Epidemiologiske-Rapport-22102020-20mg.zip,TRUE,TRUE,2020-10-27T09:58:20Z,2020-10-22,Data-Epidemiologiske-Rapport-22102020-20mg,2020-10-22T13:43:00Z,NA
https://files.ssi.dk/Data-Epidemiologiske-Rapport-21102020-okt1.zip,Data-Epidemiologiske-Rapport-21102020-okt1.zip,TRUE,TRUE,2020-10-22T09:31:48Z,2020-10-21,Data-Epidemiologiske-Rapport-21102020-okt1,2020-10-21T13:31:00Z,NA
https://files.ssi.dk/Data-Epidemiologiske-Rapport-20102020-aad2.zip,Data-Epidemiologiske-Rapport-20102020-aad2.zip,TRUE,TRUE,2020-10-22T09:31:48Z,2020-10-20,Data-Epidemiologiske-Rapport-20102020-aad2,2020-10-20T12:10:00Z,NA
https://files.ssi.dk/Data-Epidemiologiske-Rapport-19102020-ht67.zip,Data-Epidemiologiske-Rapport-19102020-ht67.zip,TRUE,TRUE,2020-10-22T09:31:48Z,2020-10-19,Data-Epidemiologiske-Rapport-19102020-ht67,2020-10-19T10:40:00Z,NA
https://files.ssi.dk/Data-Epidemiologiske-Rapport-16102020-4tt9.zip,Data-Epidemiologiske-Rapport-16102020-4tt9.zip,TRUE,TRUE,2020-10-22T09:31:48Z,2020-10-16,Data-Epidemiologiske-Rapport-16102020-4tt9,2020-10-16T11:17:00Z,NA
https://files.ssi.dk/Data-epidemiologisk-rapport-15102020-1hit.zip,Data-epidemiologisk-rapport-15102020-1hit.zip,TRUE,TRUE,2020-10-22T09:31:48Z,2020-10-15,Data-epidemiologisk-rapport-15102020-1hit,2020-10-15T11:06:00Z,NA
https://files.ssi.dk/Data-Epidemiologiske-Rapport-14102020-uw20.zip,Data-Epidemiologiske-Rapport-14102020-uw20.zip,TRUE,TRUE,2020-10-22T09:31:48Z,2020-10-14,Data-Epidemiologiske-Rapport-14102020-uw20,2020-10-14T11:28:00Z,NA
https://files.ssi.dk/Data-Epidemiologiske-Rapport-13102020-kdd2.zip,Data-Epidemiologiske-Rapport-13102020-kdd2.zip,TRUE,TRUE,2020-10-22T09:31:48Z,2020-10-13,Data-Epidemiologiske-Rapport-13102020-kdd2,2020-10-13T11:27:00Z,NA
https://files.ssi.dk/Data-epidemiologisk-rapport-12102020-mak4.zip,Data-epidemiologisk-rapport-12102020-mak4.zip,TRUE,TRUE,2020-10-22T09:31:48Z,2020-10-12,Data-epidemiologisk-rapport-12102020-mak4,2020-10-12T10:51:00Z,NA
https://files.ssi.dk/Data-Epidemiologiske-Rapport-09102020-21gk.zip,Data-Epidemiologiske-Rapport-09102020-21gk.zip,TRUE,TRUE,2020-10-09T12:53:48Z,2020-10-09,Data-Epidemiologiske-Rapport-09102020-21gk,2020-10-09T10:56:00Z,NA
https://files.ssi.dk/Data-Epidemiologiske-Rapport-08102020-da23.zip,Data-Epidemiologiske-Rapport-08102020-da23.zip,TRUE,TRUE,2020-10-08T12:17:43Z,2020-10-08,Data-Epidemiologiske-Rapport-08102020-da23,2020-10-08T11:41:00Z,NA
https://files.ssi.dk/Data-Epidemiologiske-Rapport-07102020-opl0.zip,Data-Epidemiologiske-Rapport-07102020-opl0.zip,TRUE,TRUE,2020-10-08T12:17:43Z,2020-10-07,Data-Epidemiologiske-Rapport-07102020-opl0,2020-10-07T11:53:00Z,NA
https://files.ssi.dk/Data-Epidemiologiske-Rapport-06102020-k122.zip,Data-Epidemiologiske-Rapport-06102020-k122.zip,TRUE,TRUE,2020-10-08T12:17:43Z,2020-10-06,Data-Epidemiologiske-Rapport-06102020-k122,2020-10-06T12:24:00Z,NA
https://files.ssi.dk/Data-epidemiologiske-rapport-05102020-kl14.zip,Data-epidemiologiske-rapport-05102020-kl14.zip,TRUE,TRUE,2020-10-08T12:17:43Z,2020-10-05,Data-epidemiologiske-rapport-05102020-kl14,2020-10-05T11:43:00Z,NA
https://files.ssi.dk/Data-epidemiologisk-rapport-02102020-ozz0.zip,Data-epidemiologisk-rapport-02102020-ozz0.zip,TRUE,TRUE,2020-10-08T12:17:43Z,2020-10-02,Data-epidemiologisk-rapport-02102020-ozz0,2020-10-02T11:06:00Z,NA
https://files.ssi.dk/Data-Epidemiologiske-Rapport-01102020-vz81.zip,Data-Epidemiologiske-Rapport-01102020-vz81.zip,TRUE,TRUE,2020-10-08T12:17:43Z,2020-10-01,Data-Epidemiologiske-Rapport-01102020-vz81,2020-10-01T12:07:00Z,NA
https://files.ssi.dk/Data-Epidemiologiske-Rapport-30092020-do90.zip,Data-Epidemiologiske-Rapport-30092020-do90.zip,TRUE,TRUE,2020-10-08T12:17:43Z,2020-09-30,Data-Epidemiologiske-Rapport-30092020-do90,2020-09-30T11:23:00Z,NA
https://files.ssi.dk/Data-Epidemiologiske-Rapport-29092020-k2l2.zip,Data-Epidemiologiske-Rapport-29092020-k2l2.zip,TRUE,TRUE,2020-10-08T12:17:43Z,2020-09-29,Data-Epidemiologiske-Rapport-29092020-k2l2,2020-09-29T11:45:00Z,NA
https://files.ssi.dk/Data-Epidemiologiske-Rapport-28092020-az95.zip,Data-Epidemiologiske-Rapport-28092020-az95.zip,TRUE,TRUE,2020-09-29T08:45:14Z,2020-09-28,Data-Epidemiologiske-Rapport-28092020-az95,2020-09-28T12:55:00Z,NA
https://files.ssi.dk/Data-Epidemiologiske-Rapport-25092020-kb46.zip,Data-Epidemiologiske-Rapport-25092020-kb46.zip,TRUE,TRUE,2020-09-29T08:45:14Z,2020-09-25,Data-Epidemiologiske-Rapport-25092020-kb46,2020-09-25T11:05:00Z,NA
https://files.ssi.dk/Data-epidemiologisk-rapport-24092020-zip0.zip,Data-epidemiologisk-rapport-24092020-zip0.zip,TRUE,TRUE,2020-09-29T08:45:14Z,2020-09-24,Data-epidemiologisk-rapport-24092020-zip0,2020-09-24T12:45:00Z,NA
https://files.ssi.dk/Data-Epidemiologiske-Rapport-23092020-52lv.zip,Data-Epidemiologiske-Rapport-23092020-52lv.zip,TRUE,TRUE,2020-09-29T08:45:14Z,2020-09-23,Data-Epidemiologiske-Rapport-23092020-52lv,2020-09-23T11:24:00Z,NA
https://files.ssi.dk/Data-Epidemiologiske-Rapport-22092020-k22p.zip,Data-Epidemiologiske-Rapport-22092020-k22p.zip,TRUE,TRUE,2020-09-29T08:45:14Z,2020-09-22,Data-Epidemiologiske-Rapport-22092020-k22p,2020-09-22T11:21:00Z,NA
https://files.ssi.dk/Data-Epidemiologiske-Rapport-21092020-lo27.zip,Data-Epidemiologiske-Rapport-21092020-lo27.zip,TRUE,TRUE,2020-09-21T13:21:02Z,2020-09-21,Data-Epidemiologiske-Rapport-21092020-lo27,2020-09-21T10:35:00Z,NA
https://files.ssi.dk/Data-Epidemiologiske-Rapport-18092020-sf29.zip,Data-Epidemiologiske-Rapport-18092020-sf29.zip,TRUE,TRUE,2020-09-21T13:21:02Z,2020-09-18,Data-Epidemiologiske-Rapport-18092020-sf29,2020-09-18T11:07:00Z,NA
https://files.ssi.dk/Data-epidemiologisk-rapport-17092020-fil1.zip,Data-epidemiologisk-rapport-17092020-fil1.zip,TRUE,TRUE,2020-09-21T13:21:02Z,2020-09-17,Data-epidemiologisk-rapport-17092020-fil1,2020-09-17T11:21:00Z,NA
https://files.ssi.dk/Data-Epidemiologiske-Rapport-15092020-f22p.zip,Data-Epidemiologiske-Rapport-15092020-f22p.zip,TRUE,TRUE,2020-09-16T12:14:46Z,2020-09-15,Data-Epidemiologiske-Rapport-15092020-f22p,2020-09-15T10:50:00Z,NA
https://files.ssi.dk/Data-Epidemiologiske-Rapport-14092020-yu87.zip,Data-Epidemiologiske-Rapport-14092020-yu87.zip,TRUE,TRUE,2020-09-14T12:53:49Z,2020-09-14,Data-Epidemiologiske-Rapport-14092020-yu87,2020-09-14T10:13:00Z,NA
https://files.ssi.dk/Data-epidemiologisk-rapport-11092020-1lyn.zip,Data-epidemiologisk-rapport-11092020-1lyn.zip,TRUE,TRUE,2020-09-14T12:53:49Z,2020-09-11,Data-epidemiologisk-rapport-11092020-1lyn,2020-09-11T10:51:00Z,NA
https://files.ssi.dk/Data-Epidemiologiske-Rapport-10092020-77gf.zip,Data-Epidemiologiske-Rapport-10092020-77gf.zip,TRUE,TRUE,2020-09-10T13:09:45Z,2020-09-10,Data-Epidemiologiske-Rapport-10092020-77gf,2020-09-10T13:37:00Z,NA
https://files.ssi.dk/Data-Epidemiologiske-Rapport-09092020-ce68.zip,Data-Epidemiologiske-Rapport-09092020-ce68.zip,TRUE,TRUE,2020-09-09T13:54:27Z,2020-09-09,Data-Epidemiologiske-Rapport-09092020-ce68,2020-09-09T11:08:00Z,NA
https://files.ssi.dk/Data-epidemiologisk-rapport-08092020-ho34.zip,Data-epidemiologisk-rapport-08092020-ho34.zip,TRUE,TRUE,2020-09-09T13:54:27Z,2020-09-08,Data-epidemiologisk-rapport-08092020-ho34,2020-09-08T14:43:00Z,NA
https://files.ssi.dk/Data-Epidemiologiske-Rapport-07092020-ht20.zip,Data-Epidemiologiske-Rapport-07092020-ht20.zip,TRUE,TRUE,2020-09-08T07:56:21Z,2020-09-07,Data-Epidemiologiske-Rapport-07092020-ht20,2020-09-07T11:19:00Z,NA
https://files.ssi.dk/Data-Epidemiologiske-Rapport-04092020-ku5d.zip,Data-Epidemiologiske-Rapport-04092020-ku5d.zip,TRUE,TRUE,2020-09-08T07:56:21Z,2020-09-04,Data-Epidemiologiske-Rapport-04092020-ku5d,2020-09-04T10:30:00Z,NA
https://files.ssi.dk/Data-epidemiologisk-rapport-03092020-sep3.zip,Data-epidemiologisk-rapport-03092020-sep3.zip,TRUE,TRUE,2020-09-08T07:56:21Z,2020-09-03,Data-epidemiologisk-rapport-03092020-sep3,2020-09-03T10:57:00Z,NA
https://files.ssi.dk/Data-Epidemiologiske-Rapport-02092020-51lm.zip,Data-Epidemiologiske-Rapport-02092020-51lm.zip,TRUE,TRUE,2020-09-02T12:08:47Z,2020-09-02,Data-Epidemiologiske-Rapport-02092020-51lm,2020-09-02T10:48:00Z,NA
https://files.ssi.dk/Data-epidemiologisk-rapport-01092020-ffe6.zip,Data-epidemiologisk-rapport-01092020-ffe6.zip,TRUE,TRUE,2020-09-02T12:08:47Z,2020-09-01,Data-epidemiologisk-rapport-01092020-ffe6,2020-09-01T11:26:00Z,NA
https://files.ssi.dk/Data-epidemiologiske-rapport-31082020-lo27.zip,Data-epidemiologiske-rapport-31082020-lo27.zip,TRUE,TRUE,2020-08-31T12:27:09Z,2020-08-31,Data-epidemiologiske-rapport-31082020-lo27,2020-08-31T11:26:00Z,NA
https://files.ssi.dk/Data-epidemiologisk-rapport-28082020-mm29.zip,Data-epidemiologisk-rapport-28082020-mm29.zip,TRUE,TRUE,2020-08-28T12:11:40Z,2020-08-28,Data-epidemiologisk-rapport-28082020-mm29,2020-08-28T10:55:00Z,NA
https://files.ssi.dk/Data-epidemiologisk-rapport-27082020-sol3.zip,Data-epidemiologisk-rapport-27082020-sol3.zip,TRUE,TRUE,2020-08-28T12:11:40Z,2020-08-27,Data-epidemiologisk-rapport-27082020-sol3,2020-08-27T10:51:00Z,NA
https://files.ssi.dk/Data-Epidemiologiske-Rapport-26082020-zoj7.zip,Data-Epidemiologiske-Rapport-26082020-zoj7.zip,TRUE,TRUE,2020-08-28T12:11:40Z,2020-08-26,Data-Epidemiologiske-Rapport-26082020-zoj7,2020-08-26T10:33:00Z,NA
https://files.ssi.dk/Data-epidemiologisk-rapport-25082020-rg99.zip,Data-epidemiologisk-rapport-25082020-rg99.zip,TRUE,TRUE,2020-08-26T07:11:57Z,2020-08-25,Data-epidemiologisk-rapport-25082020-rg99,2020-08-25T11:11:00Z,NA
https://files.ssi.dk/Data-Epidemiologiske-Rapport-24082020-82ja.zip,Data-Epidemiologiske-Rapport-24082020-82ja.zip,TRUE,TRUE,2020-08-26T07:11:57Z,2020-08-24,Data-Epidemiologiske-Rapport-24082020-82ja,2020-08-24T10:16:00Z,NA
https://files.ssi.dk/Data-Epidemiologiske-Rapport-21082020-pp98.zip,Data-Epidemiologiske-Rapport-21082020-pp98.zip,TRUE,TRUE,2020-08-24T07:13:56Z,2020-08-21,Data-Epidemiologiske-Rapport-21082020-pp98,2020-08-21T10:37:00Z,NA
https://files.ssi.dk/	Data-Epidemiologiske-Rapport-20082020-jh34.zip,Data-Epidemiologiske-Rapport-20082020-jh34.zip,TRUE,TRUE,2020-08-31T12:37:09Z,2020-08-20,Data-Epidemiologiske-Rapport-20082020-jh34,2020-08-20T12:44:00Z,NA
https://files.ssi.dk/Data-Epidemiologiske-Rapport-20082020-jh34.zip,Data-Epidemiologiske-Rapport-20082020-jh34.zip,TRUE,TRUE,2020-08-31T12:37:09Z,2020-08-20,Data-Epidemiologiske-Rapport-20082020-jh34,2020-08-20T12:44:00Z,NA
https://files.ssi.dk/Data-Epidemiologiske-Rapport-19082020-aa6p.zip,Data-Epidemiologiske-Rapport-19082020-aa6p.zip,TRUE,TRUE,2020-08-24T07:13:56Z,2020-08-19,Data-Epidemiologiske-Rapport-19082020-aa6p,2020-08-19T10:23:00Z,NA
https://files.ssi.dk/Data-Epidemiologiske-Rapport-18082020-jq34.zip,Data-Epidemiologiske-Rapport-18082020-jq34.zip,TRUE,TRUE,2020-08-24T07:13:56Z,2020-08-18,Data-Epidemiologiske-Rapport-18082020-jq34,2020-08-18T10:44:00Z,NA
https://files.ssi.dk/Data-Epidemiologiske-Rapport-17082020-fa32.zip,Data-Epidemiologiske-Rapport-17082020-fa32.zip,TRUE,TRUE,2020-08-24T07:13:56Z,2020-08-17,Data-Epidemiologiske-Rapport-17082020-fa32,2020-08-17T11:59:00Z,NA
https://files.ssi.dk/Data-Epidemiologiske-Rapport-14082020-yy6p.zip,Data-Epidemiologiske-Rapport-14082020-yy6p.zip,TRUE,TRUE,2020-08-14T12:37:36Z,2020-08-14,Data-Epidemiologiske-Rapport-14082020-yy6p,2020-08-14T10:45:00Z,NA
https://www.ssi.dk/-/media/arkiv/dk/sygdomme-beredskab-og-forskning/sygdomsovervaagning/covid19/13_08_2020_zp09/data-epidemiologiske-rapport-13082020-13yt.zip,data-epidemiologiske-rapport-13082020-13yt.zip,TRUE,TRUE,2020-08-14T12:37:36Z,2020-08-13,data-epidemiologiske-rapport-13082020-13yt,2020-08-13T10:30:00Z,TRUE
https://www.ssi.dk/-/media/arkiv/dk/sygdomme-beredskab-og-forskning/sygdomsovervaagning/covid19/13_08_2020_zp09/data-epidemiologiske-rapport-13082020-13yt.zip?la=da.zip,data-epidemiologiske-rapport-13082020-13yt.zip,TRUE,TRUE,2020-08-14T12:37:36Z,2020-08-13,data-epidemiologiske-rapport-13082020-13yt,2020-08-13T10:30:00Z,TRUE
https://files.ssi.dk/covid19/overvagning/data/data-epidemiologiske-rapport-13082020-13yt.zip,data-epidemiologiske-rapport-13082020-13yt.zip,TRUE,TRUE,2020-08-14T12:37:36Z,2020-08-13,data-epidemiologiske-rapport-13082020-13yt,2020-08-13T10:30:00Z,TRUE
https://files.ssi.dk/Data-epidemiologisk-rapport-12082020-r345.zip,Data-epidemiologisk-rapport-12082020-r345.zip,TRUE,TRUE,2020-08-14T12:37:36Z,2020-08-12,Data-epidemiologisk-rapport-12082020-r345,2020-08-12T10:28:00Z,NA
https://files.ssi.dk/Data-Epidemiologiske-Rapport-11082020-lok5.zip,Data-Epidemiologiske-Rapport-11082020-lok5.zip,TRUE,TRUE,2020-08-11T12:26:44Z,2020-08-11,Data-Epidemiologiske-Rapport-11082020-lok5,2020-08-11T11:39:00Z,NA
https://files.ssi.dk/Data-Epidemiologiske-Rapport-10082020-lz41.zip,Data-Epidemiologiske-Rapport-10082020-lz41.zip,TRUE,TRUE,2020-08-10T12:13:14Z,2020-08-10,Data-Epidemiologiske-Rapport-10082020-lz41,2020-08-10T11:05:00Z,NA
https://files.ssi.dk/Data-epidemiologiske-rapport-07082020-qw54.zip,Data-epidemiologiske-rapport-07082020-qw54.zip,TRUE,TRUE,2020-08-07T12:12:19Z,2020-08-07,Data-epidemiologiske-rapport-07082020-qw54,2020-08-07T11:01:00Z,NA
https://files.ssi.dk/Data-epidemiologisk-rapport-06082020-hba1.zip,Data-epidemiologisk-rapport-06082020-hba1.zip,TRUE,TRUE,2020-08-07T12:12:19Z,2020-08-06,Data-epidemiologisk-rapport-06082020-hba1,2020-08-06T11:41:00Z,NA
https://files.ssi.dk/Data-epidemiologiske-rapport-05082020-zx41.zip,Data-epidemiologiske-rapport-05082020-zx41.zip,TRUE,TRUE,2020-08-05T12:21:18Z,2020-08-05,Data-epidemiologiske-rapport-05082020-zx41,2020-08-05T10:34:00Z,NA
https://files.ssi.dk/Data-epidemiologiske-rapport-04082020-gh73.zip,Data-epidemiologiske-rapport-04082020-gh73.zip,TRUE,TRUE,2020-08-05T12:21:18Z,2020-08-04,Data-epidemiologiske-rapport-04082020-gh73,2020-08-04T11:37:00Z,NA
https://files.ssi.dk/Data-epidemiologisk-rapport-03082020-mm79.zip,Data-epidemiologisk-rapport-03082020-mm79.zip,TRUE,TRUE,2020-08-04T12:14:02Z,2020-08-03,Data-epidemiologisk-rapport-03082020-mm79,2020-08-03T10:49:00Z,NA
https://files.ssi.dk/Data-Epidemiologiske-Rapport-31072020-we21.zip,Data-Epidemiologiske-Rapport-31072020-we21.zip,TRUE,TRUE,2020-08-04T12:14:02Z,2020-07-31,Data-Epidemiologiske-Rapport-31072020-we21,2020-07-31T11:16:00Z,NA
https://files.ssi.dk/Data-epidemiologisk-rapport-30072020-51jd.zip,Data-epidemiologisk-rapport-30072020-51jd.zip,TRUE,TRUE,2020-08-04T12:14:02Z,2020-07-30,Data-epidemiologisk-rapport-30072020-51jd,2020-07-30T10:08:00Z,NA
https://files.ssi.dk/Data-Epidemiologiske-Rapport-29072020-ja54.zip,Data-Epidemiologiske-Rapport-29072020-ja54.zip,TRUE,TRUE,2020-07-29T12:21:03Z,2020-07-29,Data-Epidemiologiske-Rapport-29072020-ja54,2020-07-29T10:38:00Z,NA
https://www.ssi.dk/-/media/arkiv/dk/sygdomme-beredskab-og-forskning/sygdomsovervaagning/covid19/28_07_2020_ny28/data-epidemiologiske-rapport-28072020-uf43.zip,data-epidemiologiske-rapport-28072020-uf43.zip,TRUE,TRUE,2020-07-29T12:21:03Z,2020-07-28,data-epidemiologiske-rapport-28072020-uf43,2020-07-28T13:00:00Z,TRUE
https://www.ssi.dk/-/media/arkiv/dk/sygdomme-beredskab-og-forskning/sygdomsovervaagning/covid19/28_07_2020_ny28/data-epidemiologiske-rapport-28072020-uf43.zip?la=da.zip,data-epidemiologiske-rapport-28072020-uf43.zip,TRUE,TRUE,2020-07-29T12:21:03Z,2020-07-28,data-epidemiologiske-rapport-28072020-uf43,2020-07-28T13:00:00Z,TRUE
https://files.ssi.dk/covid19/overvagning/data/data-epidemiologiske-rapport-28072020-uf43.zip,data-epidemiologiske-rapport-28072020-uf43.zip,TRUE,TRUE,2020-07-29T12:21:03Z,2020-07-28,data-epidemiologiske-rapport-28072020-uf43,2020-07-28T13:00:00Z,TRUE
https://www.ssi.dk/-/media/arkiv/dk/sygdomme-beredskab-og-forskning/sygdomsovervaagning/covid19/27_07_2020_8sy3/data-epidemiologiske-rapport-27072020-2-57jg.zip,data-epidemiologiske-rapport-27072020-2-57jg.zip,TRUE,TRUE,2020-07-27T13:28:12Z,2020-07-27,data-epidemiologiske-rapport-27072020-2-57jg,2020-07-27T10:59:00Z,NA
https://files.ssi.dk/Data-Epidemiologiske-Rapport-27072020-pa78.zip,Data-Epidemiologiske-Rapport-27072020-pa78.zip,TRUE,TRUE,2020-08-04T12:14:02Z,2020-07-27,Data-Epidemiologiske-Rapport-27072020-pa78,2020-07-27T10:59:00Z,NA
https://www.ssi.dk/-/media/arkiv/dk/sygdomme-beredskab-og-forskning/sygdomsovervaagning/covid19/27_07_2020_8sy3/data-epidemiologiske-rapport-27072020-2-57jg.zip?la=da.zip,data-epidemiologiske-rapport-27072020-2-57jg.zip,TRUE,TRUE,2020-07-27T13:28:12Z,2020-07-27,data-epidemiologiske-rapport-27072020-2-57jg,2020-07-27T10:59:00Z,NA
https://files.ssi.dk/Data-Epidemiologiske-Rapport-24072020-ks34.zip,Data-Epidemiologiske-Rapport-24072020-ks34.zip,TRUE,TRUE,2020-07-24T13:02:37Z,2020-07-24,Data-Epidemiologiske-Rapport-24072020-ks34,2020-07-24T10:13:00Z,NA
https://files.ssi.dk/Data-Epidemiologiske-Rapport-23072020-fg50.zip,Data-Epidemiologiske-Rapport-23072020-fg50.zip,TRUE,TRUE,2020-07-23T13:14:34Z,2020-07-23,Data-Epidemiologiske-Rapport-23072020-fg50,2020-07-23T10:24:00Z,NA
https://files.ssi.dk/Data-Epidemiologiske-Rapport-22072020-gz34.zip,Data-Epidemiologiske-Rapport-22072020-gz34.zip,TRUE,TRUE,2020-07-22T14:27:35Z,2020-07-22,Data-Epidemiologiske-Rapport-22072020-gz34,2020-07-22T10:03:00Z,NA
https://files.ssi.dk/Data-Epidemiologiske-Rapport-21072020-7hg2.zip,Data-Epidemiologiske-Rapport-21072020-7hg2.zip,TRUE,TRUE,2020-07-21T13:06:53Z,2020-07-21,Data-Epidemiologiske-Rapport-21072020-7hg2,2020-07-21T10:47:00Z,NA
https://files.ssi.dk/Data-epidemiologisk-rapport-20072020-hj10.zip,Data-epidemiologisk-rapport-20072020-hj10.zip,TRUE,TRUE,2020-07-20T15:33:57Z,2020-07-20,Data-epidemiologisk-rapport-20072020-hj10,2020-07-20T10:09:00Z,NA
https://files.ssi.dk/Data-epidemiologisk-rapport-17072020-ki84.zip,Data-epidemiologisk-rapport-17072020-ki84.zip,TRUE,TRUE,2020-07-17T12:06:58Z,2020-07-17,Data-epidemiologisk-rapport-17072020-ki84,2020-07-17T11:09:00Z,NA
https://files.ssi.dk/Data-epidemiologisk-rapport-16072020-tors.zip,Data-epidemiologisk-rapport-16072020-tors.zip,TRUE,TRUE,2020-07-17T12:06:58Z,2020-07-16,Data-epidemiologisk-rapport-16072020-tors,2020-07-16T09:50:00Z,NA
https://files.ssi.dk/Data-epidemiologisk-rapport-15072020-15on.zip,Data-epidemiologisk-rapport-15072020-15on.zip,TRUE,TRUE,2020-07-17T12:06:58Z,2020-07-15,Data-epidemiologisk-rapport-15072020-15on,2020-07-15T15:16:00Z,NA
https://files.ssi.dk/Data-epidemiologisk-rapport-14072020-ec20.zip,Data-epidemiologisk-rapport-14072020-ec20.zip,TRUE,TRUE,2020-07-17T12:06:58Z,2020-07-14,Data-epidemiologisk-rapport-14072020-ec20,2020-07-14T10:48:00Z,NA
https://files.ssi.dk/Data-Epidemiologiske-Rapport-13072020-13ma.zip,Data-Epidemiologiske-Rapport-13072020-13ma.zip,TRUE,TRUE,2020-07-17T12:06:58Z,2020-07-13,Data-Epidemiologiske-Rapport-13072020-13ma,2020-07-13T11:00:00Z,NA
https://files.ssi.dk/Data-Epidemiologiske-Rapport-10072020-y4g5.zip,Data-Epidemiologiske-Rapport-10072020-y4g5.zip,TRUE,TRUE,2020-07-13T08:46:59Z,2020-07-10,Data-Epidemiologiske-Rapport-10072020-y4g5,2020-07-10T10:57:00Z,NA
https://files.ssi.dk/Data-Epidemiologiske-Rapport-09072020-fc12.zip,Data-Epidemiologiske-Rapport-09072020-fc12.zip,TRUE,TRUE,2020-07-13T08:46:59Z,2020-07-09,Data-Epidemiologiske-Rapport-09072020-fc12,2020-07-09T10:16:00Z,NA
https://files.ssi.dk/Data-Epidemiologiske-Rapport-08072020-h7f8.zip,Data-Epidemiologiske-Rapport-08072020-h7f8.zip,TRUE,TRUE,2020-07-13T08:46:59Z,2020-07-08,Data-Epidemiologiske-Rapport-08072020-h7f8,2020-07-08T12:14:00Z,NA
https://files.ssi.dk/Data-Epidemiologiske-Rapport-07072020-2-bh75.zip,Data-Epidemiologiske-Rapport-07072020-2-bh75.zip,TRUE,TRUE,2020-07-13T08:46:59Z,2020-07-07,Data-Epidemiologiske-Rapport-07072020-2-bh75,2020-07-07T11:04:00Z,NA
https://files.ssi.dk/Data-Epidemiologiske-Rapport-06072020-ju89.zip,Data-Epidemiologiske-Rapport-06072020-ju89.zip,TRUE,TRUE,2020-07-13T08:46:59Z,2020-07-06,Data-Epidemiologiske-Rapport-06072020-ju89,2020-07-06T10:59:00Z,NA
https://files.ssi.dk/Data-Epidemiologiske-Rapport-03072020-ww0p.zip,Data-Epidemiologiske-Rapport-03072020-ww0p.zip,TRUE,TRUE,2020-07-13T08:46:59Z,2020-07-03,Data-Epidemiologiske-Rapport-03072020-ww0p,2020-07-03T12:41:00Z,NA
https://files.ssi.dk/Data-Epidemiologiske-Rapport-02072020-b33p.zip,Data-Epidemiologiske-Rapport-02072020-b33p.zip,TRUE,TRUE,2020-07-13T08:46:59Z,2020-07-02,Data-Epidemiologiske-Rapport-02072020-b33p,2020-07-02T11:49:00Z,NA
https://files.ssi.dk/Data-Epidemiologiske-Rapport-01072020-bzx1.zip,Data-Epidemiologiske-Rapport-01072020-bzx1.zip,TRUE,TRUE,2020-07-13T08:46:59Z,2020-07-01,Data-Epidemiologiske-Rapport-01072020-bzx1,2020-07-01T10:39:00Z,NA
https://files.ssi.dk/Data-Epidemiologiske-Rapport-30062020-bgh2.zip,Data-Epidemiologiske-Rapport-30062020-bgh2.zip,TRUE,TRUE,2020-07-13T08:46:59Z,2020-06-30,Data-Epidemiologiske-Rapport-30062020-bgh2,2020-06-30T10:07:00Z,NA
https://files.ssi.dk/Data-Epidemiologiske-Rapport-29062020-bhht.zip,Data-Epidemiologiske-Rapport-29062020-bhht.zip,TRUE,TRUE,2020-07-13T08:46:59Z,2020-06-29,Data-Epidemiologiske-Rapport-29062020-bhht,2020-06-29T11:11:00Z,NA
https://files.ssi.dk/Data-epidemiologisk-rapport-26062020-wd26.zip,Data-epidemiologisk-rapport-26062020-wd26.zip,TRUE,TRUE,2020-06-26T13:15:29Z,2020-06-26,Data-epidemiologisk-rapport-26062020-wd26,2020-06-26T10:51:00Z,NA
https://files.ssi.dk/Data-epidemiologisk-rapport-25062020-45t5.zip,Data-epidemiologisk-rapport-25062020-45t5.zip,TRUE,TRUE,2020-06-25T13:52:52Z,2020-06-25,Data-epidemiologisk-rapport-25062020-45t5,2020-06-25T10:45:00Z,NA
https://files.ssi.dk/Data-epidemiologisk-rapport-24062020-kb45.zip,Data-epidemiologisk-rapport-24062020-kb45.zip,TRUE,TRUE,2020-06-25T10:29:21Z,2020-06-24,Data-epidemiologisk-rapport-24062020-kb45,2020-06-24T12:08:00Z,NA
https://files.ssi.dk/Data-Epidemiologiske-Rapport-23062020-uh78.zip,Data-Epidemiologiske-Rapport-23062020-uh78.zip,TRUE,TRUE,2020-06-23T12:35:45Z,2020-06-23,Data-Epidemiologiske-Rapport-23062020-uh78,2020-06-23T10:52:00Z,NA
https://files.ssi.dk/Data-Epidemiologiske-Rapport-22062020-lko.zip,Data-Epidemiologiske-Rapport-22062020-lko.zip,TRUE,TRUE,2020-06-22T14:25:36Z,2020-06-22,Data-Epidemiologiske-Rapport-22062020-lko,2020-06-22T14:50:00Z,NA
https://files.ssi.dk/Data-Epidemiologiske-Rapport-22062020-61gz.zip,Data-Epidemiologiske-Rapport-22062020-61gz.zip,TRUE,TRUE,2020-06-22T14:25:36Z,2020-06-22,Data-Epidemiologiske-Rapport-22062020-61gz,2020-06-22T11:31:00Z,NA
https://files.ssi.dk/Data-epidemiologisk-rapport-19062020-sa80.zip,Data-epidemiologisk-rapport-19062020-sa80.zip,TRUE,TRUE,2020-06-22T10:08:21Z,2020-06-19,Data-epidemiologisk-rapport-19062020-sa80,2020-06-19T10:18:00Z,NA
https://files.ssi.dk/Data-Epidemiologiske-Rapport-18062020-2sal.zip,Data-Epidemiologiske-Rapport-18062020-2sal.zip,TRUE,TRUE,2020-06-22T10:08:21Z,2020-06-18,Data-Epidemiologiske-Rapport-18062020-2sal,2020-06-18T10:55:00Z,NA
https://files.ssi.dk/Data-Epidemiologiske-Rapport-17062020-bbh6.zip,Data-Epidemiologiske-Rapport-17062020-bbh6.zip,TRUE,TRUE,2020-06-17T13:14:12Z,2020-06-17,Data-Epidemiologiske-Rapport-17062020-bbh6,2020-06-17T11:23:00Z,NA
https://files.ssi.dk/Data-Epidemiologiske-Rapport-16062020-ls72.zip,Data-Epidemiologiske-Rapport-16062020-ls72.zip,TRUE,TRUE,2020-06-16T12:53:11Z,2020-06-16,Data-Epidemiologiske-Rapport-16062020-ls72,2020-06-16T10:34:00Z,NA
https://files.ssi.dk/Data-Epidemiologiske-Rapport-15062020-help.zip,Data-Epidemiologiske-Rapport-15062020-help.zip,TRUE,TRUE,2020-06-16T13:37:51Z,2020-06-15,Data-Epidemiologiske-Rapport-15062020-help,2020-06-15T10:09:00Z,NA
https://files.ssi.dk/Data-Epidemiologiske-Rapport-12062020-12ju.zip,Data-Epidemiologiske-Rapport-12062020-12ju.zip,TRUE,TRUE,2020-06-16T13:37:51Z,2020-06-12,Data-Epidemiologiske-Rapport-12062020-12ju,2020-06-12T10:37:00Z,NA
https://files.ssi.dk/Data-Epidemiologiske-Rapport-11062020-9ha2.zip,Data-Epidemiologiske-Rapport-11062020-9ha2.zip,TRUE,TRUE,2020-06-16T13:37:51Z,2020-06-11,Data-Epidemiologiske-Rapport-11062020-9ha2,2020-06-11T11:33:00Z,NA
https://files.ssi.dk/Data-Epidemiologiske-Rapport-10062020-rt04.zip,Data-Epidemiologiske-Rapport-10062020-rt04.zip,TRUE,TRUE,2020-06-16T13:37:51Z,2020-06-10,Data-Epidemiologiske-Rapport-10062020-rt04,2020-06-10T10:35:00Z,NA
https://files.ssi.dk/Data-Epidemiologiske-Rapport-08062020-thh6.zip,Data-Epidemiologiske-Rapport-08062020-thh6.zip,TRUE,TRUE,2020-06-16T13:37:51Z,2020-06-08,Data-Epidemiologiske-Rapport-08062020-thh6,2020-06-08T10:27:00Z,NA
https://files.ssi.dk/Data-Epidemiologiske-Rapport-04062020-yg20.zip,Data-Epidemiologiske-Rapport-04062020-yg20.zip,TRUE,TRUE,2020-06-16T13:37:51Z,2020-06-04,Data-Epidemiologiske-Rapport-04062020-yg20,2020-06-04T11:12:00Z,NA
https://files.ssi.dk/Data-Epidemiologiske-Rapport-03062020-ui80.zip,Data-Epidemiologiske-Rapport-03062020-ui80.zip,TRUE,TRUE,2020-06-16T13:37:51Z,2020-06-03,Data-Epidemiologiske-Rapport-03062020-ui80,2020-06-03T11:06:00Z,NA
https://files.ssi.dk/Data-Epidemiologiske-Rapport-02062020-tta6.zip,Data-Epidemiologiske-Rapport-02062020-tta6.zip,TRUE,TRUE,2020-06-16T13:37:51Z,2020-06-02,Data-Epidemiologiske-Rapport-02062020-tta6,2020-06-02T11:44:00Z,NA
https://files.ssi.dk/Data-Epidemiologiske-Rapport-29052020-thuf.zip,Data-Epidemiologiske-Rapport-29052020-thuf.zip,TRUE,TRUE,2020-06-16T13:37:51Z,2020-05-29,Data-Epidemiologiske-Rapport-29052020-thuf,2020-05-29T11:13:00Z,NA
https://files.ssi.dk/Data-Epidemiologiske-Rapport-28052020-54la.zip,Data-Epidemiologiske-Rapport-28052020-54la.zip,TRUE,TRUE,2020-06-16T13:37:51Z,2020-05-28,Data-Epidemiologiske-Rapport-28052020-54la,2020-05-28T11:28:00Z,NA
https://files.ssi.dk/Data-Epidemiologiske-Rapport-27052020-uaa6.zip,Data-Epidemiologiske-Rapport-27052020-uaa6.zip,TRUE,TRUE,2020-06-16T13:37:51Z,2020-05-27,Data-Epidemiologiske-Rapport-27052020-uaa6,2020-05-27T11:20:00Z,NA
https://files.ssi.dk/Data-Epidemiologiske-Rapport-26052020-snn6.zip,Data-Epidemiologiske-Rapport-26052020-snn6.zip,TRUE,TRUE,2020-06-16T13:37:51Z,2020-05-26,Data-Epidemiologiske-Rapport-26052020-snn6,2020-05-26T11:04:00Z,NA
https://files.ssi.dk/Data-epidemiologisk-rapport-25052020-us12.zip,Data-epidemiologisk-rapport-25052020-us12.zip,TRUE,TRUE,2020-06-16T13:37:51Z,2020-05-25,Data-epidemiologisk-rapport-25052020-us12,2020-05-25T10:42:00Z,NA
https://files.ssi.dk/Data-epidemiologisk-rapport-22052020-kr12.zip,Data-epidemiologisk-rapport-22052020-kr12.zip,TRUE,TRUE,2020-06-16T13:37:51Z,2020-05-22,Data-epidemiologisk-rapport-22052020-kr12,2020-05-22T09:33:00Z,NA
https://files.ssi.dk/Data-epidemiologisk-rapport-20052020-mj20.zip,Data-epidemiologisk-rapport-20052020-mj20.zip,TRUE,TRUE,2020-06-16T13:37:51Z,2020-05-20,Data-epidemiologisk-rapport-20052020-mj20,2020-05-20T10:33:00Z,NA
https://files.ssi.dk/Data-Epidemiologiske-Rapport-19052020-45iu.zip,Data-Epidemiologiske-Rapport-19052020-45iu.zip,TRUE,TRUE,2020-06-16T13:37:51Z,2020-05-19,Data-Epidemiologiske-Rapport-19052020-45iu,2020-05-19T10:12:00Z,NA
https://files.ssi.dk/Data-Epidemiologiske-Rapport-18052020-op50.zip,Data-Epidemiologiske-Rapport-18052020-op50.zip,TRUE,TRUE,2020-06-16T13:37:51Z,2020-05-18,Data-Epidemiologiske-Rapport-18052020-op50,2020-05-18T10:33:00Z,NA
https://files.ssi.dk/Data-Epidemiologiske-Rapport-17052020-o0q7.zip,Data-Epidemiologiske-Rapport-17052020-o0q7.zip,TRUE,TRUE,2020-06-16T13:37:51Z,2020-05-17,Data-Epidemiologiske-Rapport-17052020-o0q7,2020-05-17T10:39:00Z,NA
https://files.ssi.dk/Data-epidemiologisk-rapport-16052020-12345.zip,Data-epidemiologisk-rapport-16052020-12345.zip,TRUE,TRUE,2020-06-16T13:37:51Z,2020-05-16,Data-epidemiologisk-rapport-16052020-12345,2020-05-16T11:25:00Z,NA
https://files.ssi.dk/Data-Epidemiologiske-Rapport-15052020-ssp6.zip,Data-Epidemiologiske-Rapport-15052020-ssp6.zip,TRUE,TRUE,2020-06-16T13:37:51Z,2020-05-15,Data-Epidemiologiske-Rapport-15052020-ssp6,2020-05-15T09:54:00Z,NA
https://files.ssi.dk/Data-Epidemiologiske-Rapport-14052020-rtt6.zip,Data-Epidemiologiske-Rapport-14052020-rtt6.zip,TRUE,TRUE,2020-06-16T13:37:51Z,2020-05-14,Data-Epidemiologiske-Rapport-14052020-rtt6,2020-05-14T11:42:00Z,NA
https://files.ssi.dk/Data-Epidemiologiske-Rapport-13052020-xrpt.zip,Data-Epidemiologiske-Rapport-13052020-xrpt.zip,TRUE,TRUE,2020-06-16T13:37:51Z,2020-05-13,Data-Epidemiologiske-Rapport-13052020-xrpt,2020-05-13T11:21:00Z,NA
https://files.ssi.dk/Data-Epidemiologiske-Rapport-12052020-h28s.zip,Data-Epidemiologiske-Rapport-12052020-h28s.zip,TRUE,TRUE,2020-06-16T13:37:51Z,2020-05-12,Data-Epidemiologiske-Rapport-12052020-h28s,2020-05-12T11:58:00Z,NA
https://files.ssi.dk/Data-Epidemiologiske-Rapport-11052020-st5r.zip,Data-Epidemiologiske-Rapport-11052020-st5r.zip,TRUE,TRUE,2020-06-16T13:37:51Z,2020-05-11,Data-Epidemiologiske-Rapport-11052020-st5r,2020-05-11T11:03:00Z,NA
https://files.ssi.dk/Data-Epidemiologiske-Rapport-10052020-rk3y.zip,Data-Epidemiologiske-Rapport-10052020-rk3y.zip,TRUE,TRUE,2020-06-16T13:37:51Z,2020-05-10,Data-Epidemiologiske-Rapport-10052020-rk3y,2020-05-10T11:32:00Z,NA
https://files.ssi.dk/Data-Epidemiologiske-Rapport-09052020-op90.zip,Data-Epidemiologiske-Rapport-09052020-op90.zip,TRUE,TRUE,2020-06-16T13:37:51Z,2020-05-09,Data-Epidemiologiske-Rapport-09052020-op90,2020-05-09T11:24:00Z,NA
https://files.ssi.dk/Data-Epidemiologiske-Rapport-08052020-krk5.zip,Data-Epidemiologiske-Rapport-08052020-krk5.zip,TRUE,TRUE,2020-06-16T13:37:51Z,2020-05-08,Data-Epidemiologiske-Rapport-08052020-krk5,2020-05-08T11:35:00Z,NA
https://files.ssi.dk/Data-Epidemiologiske-Rapport-07052020-s95t.zip,Data-Epidemiologiske-Rapport-07052020-s95t.zip,TRUE,TRUE,2020-06-16T13:37:51Z,2020-05-07,Data-Epidemiologiske-Rapport-07052020-s95t,2020-05-07T11:17:00Z,NA
https://files.ssi.dk/Data-Epidemiologiske-Rapport-06052020-rt3y.zip,Data-Epidemiologiske-Rapport-06052020-rt3y.zip,TRUE,TRUE,2020-06-16T13:37:51Z,2020-05-06,Data-Epidemiologiske-Rapport-06052020-rt3y,2020-05-06T12:35:00Z,NA
.zip,NA,FALSE,FALSE,NA,NA,NA,NA,NA
https://files.ssi.dk/covid19/overvagning/data/data-epidemiologiske-rapport-28102020-76pi.zip,data-epidemiologiske-rapport-28102020-76pi.zip,FALSE,FALSE,2020-10-29T12:31:19Z,2020-10-28,NA,NA,NA
https://files.ssi.dk/covid19/overvagning/data/data-epidemiologiske-rapport-27102020-xxwa.zip,data-epidemiologiske-rapport-27102020-xxwa.zip,FALSE,FALSE,2020-10-29T12:31:19Z,2020-10-27,NA,NA,NA
https://files.ssi.dk/covid19/overvagning/data/data-epidemiologiske-rapport-26102020-cg13.zip,data-epidemiologiske-rapport-26102020-cg13.zip,FALSE,FALSE,2020-10-27T09:58:20Z,2020-10-26,NA,NA,NA
https://files.ssi.dk/covid19/overvagning/data/data-epidemiologisk-rapport-23102020-2nix.zip,data-epidemiologisk-rapport-23102020-2nix.zip,FALSE,FALSE,2020-10-27T09:58:20Z,2020-10-23,NA,NA,NA
https://files.ssi.dk/covid19/overvagning/data/data-epidemiologiske-rapport-22102020-20mg.zip,data-epidemiologiske-rapport-22102020-20mg.zip,FALSE,FALSE,2020-10-27T09:58:20Z,2020-10-22,NA,NA,NA
https://files.ssi.dk/covid19/overvagning/data/data-epidemiologiske-rapport-21102020-okt1.zip,data-epidemiologiske-rapport-21102020-okt1.zip,FALSE,FALSE,2020-10-22T09:31:48Z,2020-10-21,NA,NA,NA
https://files.ssi.dk/covid19/overvagning/data/data-epidemiologiske-rapport-20102020-aad2.zip,data-epidemiologiske-rapport-20102020-aad2.zip,FALSE,FALSE,2020-10-22T09:31:48Z,2020-10-20,NA,NA,NA
https://files.ssi.dk/covid19/overvagning/data/data-epidemiologiske-rapport-19102020-ht67.zip,data-epidemiologiske-rapport-19102020-ht67.zip,FALSE,FALSE,2020-10-22T09:31:48Z,2020-10-19,NA,NA,NA
https://files.ssi.dk/covid19/overvagning/data/data-epidemiologiske-rapport-16102020-4tt9.zip,data-epidemiologiske-rapport-16102020-4tt9.zip,FALSE,FALSE,2020-10-22T09:31:48Z,2020-10-16,NA,NA,NA
https://files.ssi.dk/covid19/overvagning/data/data-epidemiologisk-rapport-15102020-1hit.zip,data-epidemiologisk-rapport-15102020-1hit.zip,FALSE,FALSE,2020-10-22T09:31:48Z,2020-10-15,NA,NA,NA
https://files.ssi.dk/covid19/overvagning/data/data-epidemiologiske-rapport-14102020-uw20.zip,data-epidemiologiske-rapport-14102020-uw20.zip,FALSE,FALSE,2020-10-22T09:31:48Z,2020-10-14,NA,NA,NA
https://files.ssi.dk/covid19/overvagning/data/data-epidemiologiske-rapport-13102020-kdd2.zip,data-epidemiologiske-rapport-13102020-kdd2.zip,FALSE,FALSE,2020-10-22T09:31:48Z,2020-10-13,NA,NA,NA
https://files.ssi.dk/covid19/overvagning/data/data-epidemiologisk-rapport-12102020-mak4.zip,data-epidemiologisk-rapport-12102020-mak4.zip,FALSE,FALSE,2020-10-22T09:31:48Z,2020-10-12,NA,NA,NA
https://files.ssi.dk/covid19/overvagning/data/data-epidemiologiske-rapport-09102020-21gk.zip,data-epidemiologiske-rapport-09102020-21gk.zip,FALSE,FALSE,2020-10-09T12:53:48Z,2020-10-09,NA,NA,NA
https://files.ssi.dk/covid19/overvagning/data/data-epidemiologiske-rapport-08102020-da23.zip,data-epidemiologiske-rapport-08102020-da23.zip,FALSE,FALSE,2020-10-08T12:17:43Z,2020-10-08,NA,NA,NA
https://files.ssi.dk/covid19/overvagning/data/data-epidemiologiske-rapport-07102020-opl0.zip,data-epidemiologiske-rapport-07102020-opl0.zip,FALSE,FALSE,2020-10-08T12:17:43Z,2020-10-07,NA,NA,NA
https://files.ssi.dk/covid19/overvagning/data/data-epidemiologiske-rapport-06102020-k122.zip,data-epidemiologiske-rapport-06102020-k122.zip,FALSE,FALSE,2020-10-08T12:17:43Z,2020-10-06,NA,NA,NA
https://files.ssi.dk/covid19/overvagning/data/data-epidemiologiske-rapport-05102020-kl14.zip,data-epidemiologiske-rapport-05102020-kl14.zip,FALSE,FALSE,2020-10-08T12:17:43Z,2020-10-05,NA,NA,NA
https://files.ssi.dk/covid19/overvagning/data/data-epidemiologisk-rapport-02102020-ozz0.zip,data-epidemiologisk-rapport-02102020-ozz0.zip,FALSE,FALSE,2020-10-08T12:17:43Z,2020-10-02,NA,NA,NA
https://files.ssi.dk/covid19/overvagning/data/data-epidemiologiske-rapport-01102020-vz81.zip,data-epidemiologiske-rapport-01102020-vz81.zip,FALSE,FALSE,2020-10-08T12:17:43Z,2020-10-01,NA,NA,NA
https://files.ssi.dk/covid19/overvagning/data/data-epidemiologiske-rapport-30092020-do90.zip,data-epidemiologiske-rapport-30092020-do90.zip,FALSE,FALSE,2020-10-08T12:17:43Z,2020-09-30,NA,NA,NA
https://files.ssi.dk/covid19/overvagning/data/data-epidemiologiske-rapport-29092020-k2l2.zip,data-epidemiologiske-rapport-29092020-k2l2.zip,FALSE,FALSE,2020-10-08T12:17:43Z,2020-09-29,NA,NA,NA
https://files.ssi.dk/covid19/overvagning/data/data-epidemiologiske-rapport-28092020-az95.zip,data-epidemiologiske-rapport-28092020-az95.zip,FALSE,FALSE,2020-09-29T08:45:14Z,2020-09-28,NA,NA,NA
https://files.ssi.dk/covid19/overvagning/data/data-epidemiologiske-rapport-25092020-kb46.zip,data-epidemiologiske-rapport-25092020-kb46.zip,FALSE,FALSE,2020-09-29T08:45:14Z,2020-09-25,NA,NA,NA
https://files.ssi.dk/covid19/overvagning/data/data-epidemiologisk-rapport-24092020-zip0.zip,data-epidemiologisk-rapport-24092020-zip0.zip,FALSE,FALSE,2020-09-29T08:45:14Z,2020-09-24,NA,NA,NA
https://files.ssi.dk/covid19/overvagning/data/data-epidemiologiske-rapport-23092020-52lv.zip,data-epidemiologiske-rapport-23092020-52lv.zip,FALSE,FALSE,2020-09-29T08:45:14Z,2020-09-23,NA,NA,NA
https://files.ssi.dk/covid19/overvagning/data/data-epidemiologiske-rapport-22092020-k22p.zip,data-epidemiologiske-rapport-22092020-k22p.zip,FALSE,FALSE,2020-09-29T08:45:14Z,2020-09-22,NA,NA,NA
https://files.ssi.dk/covid19/overvagning/data/data-epidemiologiske-rapport-21092020-lo27.zip,data-epidemiologiske-rapport-21092020-lo27.zip,FALSE,FALSE,2020-09-21T13:21:02Z,2020-09-21,NA,NA,NA
https://files.ssi.dk/covid19/overvagning/data/data-epidemiologiske-rapport-18092020-sf29.zip,data-epidemiologiske-rapport-18092020-sf29.zip,FALSE,FALSE,2020-09-21T13:21:02Z,2020-09-18,NA,NA,NA
https://files.ssi.dk/covid19/overvagning/data/data-epidemiologisk-rapport-17092020-fil1.zip,data-epidemiologisk-rapport-17092020-fil1.zip,FALSE,FALSE,2020-09-21T13:21:02Z,2020-09-17,NA,NA,NA
https://files.ssi.dk/covid19/overvagning/data/data-epidemiologiske-rapport-15092020-f22p.zip,data-epidemiologiske-rapport-15092020-f22p.zip,FALSE,FALSE,2020-09-16T12:14:46Z,2020-09-15,NA,NA,NA
https://files.ssi.dk/covid19/overvagning/data/data-epidemiologiske-rapport-14092020-yu87.zip,data-epidemiologiske-rapport-14092020-yu87.zip,FALSE,FALSE,2020-09-14T12:53:49Z,2020-09-14,NA,NA,NA
https://files.ssi.dk/covid19/overvagning/data/data-epidemiologisk-rapport-11092020-1lyn.zip,data-epidemiologisk-rapport-11092020-1lyn.zip,FALSE,FALSE,2020-09-14T12:53:49Z,2020-09-11,NA,NA,NA
https://files.ssi.dk/covid19/overvagning/data/data-epidemiologiske-rapport-10092020-77gf.zip,data-epidemiologiske-rapport-10092020-77gf.zip,FALSE,FALSE,2020-09-10T13:09:45Z,2020-09-10,NA,NA,NA
https://files.ssi.dk/covid19/overvagning/data/data-epidemiologiske-rapport-09092020-ce68.zip,data-epidemiologiske-rapport-09092020-ce68.zip,FALSE,FALSE,2020-09-09T13:54:27Z,2020-09-09,NA,NA,NA
https://files.ssi.dk/covid19/overvagning/data/data-epidemiologisk-rapport-08092020-ho34.zip,data-epidemiologisk-rapport-08092020-ho34.zip,FALSE,FALSE,2020-09-09T13:54:27Z,2020-09-08,NA,NA,NA
https://files.ssi.dk/covid19/overvagning/data/data-epidemiologiske-rapport-07092020-ht20.zip,data-epidemiologiske-rapport-07092020-ht20.zip,FALSE,FALSE,2020-09-08T07:56:21Z,2020-09-07,NA,NA,NA
https://files.ssi.dk/covid19/overvagning/data/data-epidemiologiske-rapport-04092020-ku5d.zip,data-epidemiologiske-rapport-04092020-ku5d.zip,FALSE,FALSE,2020-09-08T07:56:21Z,2020-09-04,NA,NA,NA
https://files.ssi.dk/covid19/overvagning/data/data-epidemiologisk-rapport-03092020-sep3.zip,data-epidemiologisk-rapport-03092020-sep3.zip,FALSE,FALSE,2020-09-08T07:56:21Z,2020-09-03,NA,NA,NA
https://files.ssi.dk/covid19/overvagning/data/data-epidemiologiske-rapport-02092020-51lm.zip,data-epidemiologiske-rapport-02092020-51lm.zip,FALSE,FALSE,2020-09-02T12:08:47Z,2020-09-02,NA,NA,NA
https://files.ssi.dk/covid19/overvagning/data/data-epidemiologisk-rapport-01092020-ffe6.zip,data-epidemiologisk-rapport-01092020-ffe6.zip,FALSE,FALSE,2020-09-02T12:08:47Z,2020-09-01,NA,NA,NA
https://files.ssi.dk/covid19/overvagning/data/data-epidemiologiske-rapport-31082020-lo27.zip,data-epidemiologiske-rapport-31082020-lo27.zip,FALSE,FALSE,2020-08-31T12:27:09Z,2020-08-31,NA,NA,NA
https://files.ssi.dk/covid19/overvagning/data/data-epidemiologisk-rapport-28082020-mm29.zip,data-epidemiologisk-rapport-28082020-mm29.zip,FALSE,FALSE,2020-08-28T12:11:40Z,2020-08-28,NA,NA,NA
https://files.ssi.dk/covid19/overvagning/data/data-epidemiologisk-rapport-27082020-sol3.zip,data-epidemiologisk-rapport-27082020-sol3.zip,FALSE,FALSE,2020-08-28T12:11:40Z,2020-08-27,NA,NA,NA
https://files.ssi.dk/covid19/overvagning/data/data-epidemiologiske-rapport-26082020-zoj7.zip,data-epidemiologiske-rapport-26082020-zoj7.zip,FALSE,FALSE,2020-08-28T12:11:40Z,2020-08-26,NA,NA,NA
https://files.ssi.dk/covid19/overvagning/data/data-epidemiologisk-rapport-25082020-rg99.zip,data-epidemiologisk-rapport-25082020-rg99.zip,FALSE,FALSE,2020-08-26T07:11:57Z,2020-08-25,NA,NA,NA
https://files.ssi.dk/covid19/overvagning/data/data-epidemiologiske-rapport-24082020-82ja.zip,data-epidemiologiske-rapport-24082020-82ja.zip,FALSE,FALSE,2020-08-26T07:11:57Z,2020-08-24,NA,NA,NA
https://files.ssi.dk/covid19/overvagning/data/data-epidemiologiske-rapport-21082020-pp98.zip,data-epidemiologiske-rapport-21082020-pp98.zip,FALSE,FALSE,2020-08-24T07:13:56Z,2020-08-21,NA,NA,NA
https://files.ssi.dk/covid19/overvagning/data/data-epidemiologiske-rapport-20082020-jh34.zip,data-epidemiologiske-rapport-20082020-jh34.zip,FALSE,FALSE,2020-08-31T12:37:09Z,2020-08-20,NA,NA,NA
https://files.ssi.dk/covid19/overvagning/data/data-epidemiologiske-rapport-19082020-aa6p.zip,data-epidemiologiske-rapport-19082020-aa6p.zip,FALSE,FALSE,2020-08-24T07:13:56Z,2020-08-19,NA,NA,NA
https://files.ssi.dk/covid19/overvagning/data/data-epidemiologiske-rapport-18082020-jq34.zip,data-epidemiologiske-rapport-18082020-jq34.zip,FALSE,FALSE,2020-08-24T07:13:56Z,2020-08-18,NA,NA,NA
https://files.ssi.dk/covid19/overvagning/data/data-epidemiologiske-rapport-17082020-fa32.zip,data-epidemiologiske-rapport-17082020-fa32.zip,FALSE,FALSE,2020-08-24T07:13:56Z,2020-08-17,NA,NA,NA
https://files.ssi.dk/covid19/overvagning/data/data-epidemiologiske-rapport-14082020-yy6p.zip,data-epidemiologiske-rapport-14082020-yy6p.zip,FALSE,FALSE,2020-08-14T12:37:36Z,2020-08-14,NA,NA,NA
https://files.ssi.dk/covid19/overvagning/data/data-epidemiologisk-rapport-12082020-r345.zip,data-epidemiologisk-rapport-12082020-r345.zip,FALSE,FALSE,2020-08-14T12:37:36Z,2020-08-12,NA,NA,NA
https://files.ssi.dk/covid19/overvagning/data/data-epidemiologiske-rapport-11082020-lok5.zip,data-epidemiologiske-rapport-11082020-lok5.zip,FALSE,FALSE,2020-08-11T12:26:44Z,2020-08-11,NA,NA,NA
https://files.ssi.dk/covid19/overvagning/data/data-epidemiologiske-rapport-10082020-lz41.zip,data-epidemiologiske-rapport-10082020-lz41.zip,FALSE,FALSE,2020-08-10T12:13:14Z,2020-08-10,NA,NA,NA
https://files.ssi.dk/covid19/overvagning/data/data-epidemiologiske-rapport-07082020-qw54.zip,data-epidemiologiske-rapport-07082020-qw54.zip,FALSE,FALSE,2020-08-07T12:12:19Z,2020-08-07,NA,NA,NA
https://files.ssi.dk/covid19/overvagning/data/data-epidemiologisk-rapport-06082020-hba1.zip,data-epidemiologisk-rapport-06082020-hba1.zip,FALSE,FALSE,2020-08-07T12:12:19Z,2020-08-06,NA,NA,NA
https://files.ssi.dk/covid19/overvagning/data/data-epidemiologiske-rapport-05082020-zx41.zip,data-epidemiologiske-rapport-05082020-zx41.zip,FALSE,FALSE,2020-08-05T12:21:18Z,2020-08-05,NA,NA,NA
https://files.ssi.dk/covid19/overvagning/data/data-epidemiologiske-rapport-04082020-gh73.zip,data-epidemiologiske-rapport-04082020-gh73.zip,FALSE,FALSE,2020-08-05T12:21:18Z,2020-08-04,NA,NA,NA
https://files.ssi.dk/covid19/overvagning/data/data-epidemiologisk-rapport-03082020-mm79.zip,data-epidemiologisk-rapport-03082020-mm79.zip,FALSE,FALSE,2020-08-04T12:14:02Z,2020-08-03,NA,NA,NA
https://files.ssi.dk/covid19/overvagning/data/data-epidemiologiske-rapport-31072020-we21.zip,data-epidemiologiske-rapport-31072020-we21.zip,FALSE,FALSE,2020-08-04T12:14:02Z,2020-07-31,NA,NA,NA
https://files.ssi.dk/covid19/overvagning/data/data-epidemiologisk-rapport-30072020-51jd.zip,data-epidemiologisk-rapport-30072020-51jd.zip,FALSE,FALSE,2020-08-04T12:14:02Z,2020-07-30,NA,NA,NA
https://files.ssi.dk/covid19/overvagning/data/data-epidemiologiske-rapport-29072020-ja54.zip,data-epidemiologiske-rapport-29072020-ja54.zip,FALSE,FALSE,2020-07-29T12:21:03Z,2020-07-29,NA,NA,NA
https://files.ssi.dk/covid19/overvagning/data/data-epidemiologiske-rapport-27072020-pa78.zip,data-epidemiologiske-rapport-27072020-pa78.zip,FALSE,FALSE,2020-08-04T12:14:02Z,2020-07-27,NA,NA,NA
https://files.ssi.dk/covid19/overvagning/data/data-epidemiologiske-rapport-24072020-ks34.zip,data-epidemiologiske-rapport-24072020-ks34.zip,FALSE,FALSE,2020-07-24T13:02:37Z,2020-07-24,NA,NA,NA
https://files.ssi.dk/covid19/overvagning/data/data-epidemiologiske-rapport-23072020-fg50.zip,data-epidemiologiske-rapport-23072020-fg50.zip,FALSE,FALSE,2020-07-23T13:14:34Z,2020-07-23,NA,NA,NA
https://files.ssi.dk/covid19/overvagning/data/data-epidemiologiske-rapport-22072020-gz34.zip,data-epidemiologiske-rapport-22072020-gz34.zip,FALSE,FALSE,2020-07-22T14:27:35Z,2020-07-22,NA,NA,NA
https://files.ssi.dk/covid19/overvagning/data/data-epidemiologiske-rapport-21072020-7hg2.zip,data-epidemiologiske-rapport-21072020-7hg2.zip,FALSE,FALSE,2020-07-21T13:06:53Z,2020-07-21,NA,NA,NA
https://files.ssi.dk/covid19/overvagning/data/data-epidemiologisk-rapport-20072020-hj10.zip,data-epidemiologisk-rapport-20072020-hj10.zip,FALSE,FALSE,2020-07-20T15:33:57Z,2020-07-20,NA,NA,NA
https://files.ssi.dk/covid19/overvagning/data/data-epidemiologisk-rapport-17072020-ki84.zip,data-epidemiologisk-rapport-17072020-ki84.zip,FALSE,FALSE,2020-07-17T12:06:58Z,2020-07-17,NA,NA,NA
https://files.ssi.dk/covid19/overvagning/data/data-epidemiologisk-rapport-16072020-tors.zip,data-epidemiologisk-rapport-16072020-tors.zip,FALSE,FALSE,2020-07-17T12:06:58Z,2020-07-16,NA,NA,NA
https://files.ssi.dk/covid19/overvagning/data/data-epidemiologisk-rapport-15072020-15on.zip,data-epidemiologisk-rapport-15072020-15on.zip,FALSE,FALSE,2020-07-17T12:06:58Z,2020-07-15,NA,NA,NA
https://files.ssi.dk/covid19/overvagning/data/data-epidemiologisk-rapport-14072020-ec20.zip,data-epidemiologisk-rapport-14072020-ec20.zip,FALSE,FALSE,2020-07-17T12:06:58Z,2020-07-14,NA,NA,NA
https://files.ssi.dk/covid19/overvagning/data/data-epidemiologiske-rapport-13072020-13ma.zip,data-epidemiologiske-rapport-13072020-13ma.zip,FALSE,FALSE,2020-07-17T12:06:58Z,2020-07-13,NA,NA,NA
https://files.ssi.dk/covid19/overvagning/data/data-epidemiologiske-rapport-10072020-y4g5.zip,data-epidemiologiske-rapport-10072020-y4g5.zip,FALSE,FALSE,2020-07-13T08:46:59Z,2020-07-10,NA,NA,NA
https://files.ssi.dk/covid19/overvagning/data/data-epidemiologiske-rapport-09072020-fc12.zip,data-epidemiologiske-rapport-09072020-fc12.zip,FALSE,FALSE,2020-07-13T08:46:59Z,2020-07-09,NA,NA,NA
https://files.ssi.dk/covid19/overvagning/data/data-epidemiologiske-rapport-08072020-h7f8.zip,data-epidemiologiske-rapport-08072020-h7f8.zip,FALSE,FALSE,2020-07-13T08:46:59Z,2020-07-08,NA,NA,NA
https://files.ssi.dk/covid19/overvagning/data/data-epidemiologiske-rapport-07072020-2-bh75.zip,data-epidemiologiske-rapport-07072020-2-bh75.zip,FALSE,FALSE,2020-07-13T08:46:59Z,2020-07-07,NA,NA,NA
https://files.ssi.dk/covid19/overvagning/data/data-epidemiologiske-rapport-06072020-ju89.zip,data-epidemiologiske-rapport-06072020-ju89.zip,FALSE,FALSE,2020-07-13T08:46:59Z,2020-07-06,NA,NA,NA
https://files.ssi.dk/covid19/overvagning/data/data-epidemiologiske-rapport-03072020-ww0p.zip,data-epidemiologiske-rapport-03072020-ww0p.zip,FALSE,FALSE,2020-07-13T08:46:59Z,2020-07-03,NA,NA,NA
https://files.ssi.dk/covid19/overvagning/data/data-epidemiologiske-rapport-02072020-b33p.zip,data-epidemiologiske-rapport-02072020-b33p.zip,FALSE,FALSE,2020-07-13T08:46:59Z,2020-07-02,NA,NA,NA
https://files.ssi.dk/covid19/overvagning/data/data-epidemiologiske-rapport-01072020-bzx1.zip,data-epidemiologiske-rapport-01072020-bzx1.zip,FALSE,FALSE,2020-07-13T08:46:59Z,2020-07-01,NA,NA,NA
https://files.ssi.dk/covid19/overvagning/data/data-epidemiologiske-rapport-30062020-bgh2.zip,data-epidemiologiske-rapport-30062020-bgh2.zip,FALSE,FALSE,2020-07-13T08:46:59Z,2020-06-30,NA,NA,NA
https://files.ssi.dk/covid19/overvagning/data/data-epidemiologiske-rapport-29062020-bhht.zip,data-epidemiologiske-rapport-29062020-bhht.zip,FALSE,FALSE,2020-07-13T08:46:59Z,2020-06-29,NA,NA,NA
https://files.ssi.dk/covid19/overvagning/data/data-epidemiologisk-rapport-26062020-wd26.zip,data-epidemiologisk-rapport-26062020-wd26.zip,FALSE,FALSE,2020-06-26T13:15:29Z,2020-06-26,NA,NA,NA
https://files.ssi.dk/covid19/overvagning/data/data-epidemiologisk-rapport-25062020-45t5.zip,data-epidemiologisk-rapport-25062020-45t5.zip,FALSE,FALSE,2020-06-25T13:52:52Z,2020-06-25,NA,NA,NA
https://files.ssi.dk/covid19/overvagning/data/data-epidemiologisk-rapport-24062020-kb45.zip,data-epidemiologisk-rapport-24062020-kb45.zip,FALSE,FALSE,2020-06-25T10:29:21Z,2020-06-24,NA,NA,NA
https://files.ssi.dk/covid19/overvagning/data/data-epidemiologiske-rapport-23062020-uh78.zip,data-epidemiologiske-rapport-23062020-uh78.zip,FALSE,FALSE,2020-06-23T12:35:45Z,2020-06-23,NA,NA,NA
https://files.ssi.dk/covid19/overvagning/data/data-epidemiologiske-rapport-22062020-lko.zip,data-epidemiologiske-rapport-22062020-lko.zip,FALSE,FALSE,2020-06-22T14:25:36Z,2020-06-22,NA,NA,NA
https://files.ssi.dk/covid19/overvagning/data/data-epidemiologisk-rapport-19062020-sa80.zip,data-epidemiologisk-rapport-19062020-sa80.zip,FALSE,FALSE,2020-06-22T10:08:21Z,2020-06-19,NA,NA,NA
https://files.ssi.dk/covid19/overvagning/data/data-epidemiologiske-rapport-18062020-2sal.zip,data-epidemiologiske-rapport-18062020-2sal.zip,FALSE,FALSE,2020-06-22T10:08:21Z,2020-06-18,NA,NA,NA
https://files.ssi.dk/covid19/overvagning/data/data-epidemiologiske-rapport-17062020-bbh6.zip,data-epidemiologiske-rapport-17062020-bbh6.zip,FALSE,FALSE,2020-06-17T13:14:12Z,2020-06-17,NA,NA,NA
https://files.ssi.dk/covid19/overvagning/data/data-epidemiologiske-rapport-16062020-ls72.zip,data-epidemiologiske-rapport-16062020-ls72.zip,FALSE,FALSE,2020-06-16T12:53:11Z,2020-06-16,NA,NA,NA
https://files.ssi.dk/covid19/overvagning/data/data-epidemiologiske-rapport-15062020-help.zip,data-epidemiologiske-rapport-15062020-help.zip,FALSE,FALSE,2020-06-16T13:37:51Z,2020-06-15,NA,NA,NA
https://files.ssi.dk/covid19/overvagning/data/data-epidemiologiske-rapport-12062020-12ju.zip,data-epidemiologiske-rapport-12062020-12ju.zip,FALSE,FALSE,2020-06-16T13:37:51Z,2020-06-12,NA,NA,NA
https://files.ssi.dk/covid19/overvagning/data/data-epidemiologiske-rapport-11062020-9ha2.zip,data-epidemiologiske-rapport-11062020-9ha2.zip,FALSE,FALSE,2020-06-16T13:37:51Z,2020-06-11,NA,NA,NA
https://files.ssi.dk/covid19/overvagning/data/data-epidemiologiske-rapport-10062020-rt04.zip,data-epidemiologiske-rapport-10062020-rt04.zip,FALSE,FALSE,2020-06-16T13:37:51Z,2020-06-10,NA,NA,NA
https://files.ssi.dk/covid19/overvagning/data/data-epidemiologiske-rapport-08062020-thh6.zip,data-epidemiologiske-rapport-08062020-thh6.zip,FALSE,FALSE,2020-06-16T13:37:51Z,2020-06-08,NA,NA,NA
https://files.ssi.dk/covid19/overvagning/data/data-epidemiologiske-rapport-04062020-yg20.zip,data-epidemiologiske-rapport-04062020-yg20.zip,FALSE,FALSE,2020-06-16T13:37:51Z,2020-06-04,NA,NA,NA
https://files.ssi.dk/covid19/overvagning/data/data-epidemiologiske-rapport-03062020-ui80.zip,data-epidemiologiske-rapport-03062020-ui80.zip,FALSE,FALSE,2020-06-16T13:37:51Z,2020-06-03,NA,NA,NA
https://files.ssi.dk/covid19/overvagning/data/data-epidemiologiske-rapport-02062020-tta6.zip,data-epidemiologiske-rapport-02062020-tta6.zip,FALSE,FALSE,2020-06-16T13:37:51Z,2020-06-02,NA,NA,NA
https://files.ssi.dk/covid19/overvagning/data/data-epidemiologiske-rapport-29052020-thuf.zip,data-epidemiologiske-rapport-29052020-thuf.zip,FALSE,FALSE,2020-06-16T13:37:51Z,2020-05-29,NA,NA,NA
https://files.ssi.dk/covid19/overvagning/data/data-epidemiologiske-rapport-28052020-54la.zip,data-epidemiologiske-rapport-28052020-54la.zip,FALSE,FALSE,2020-06-16T13:37:51Z,2020-05-28,NA,NA,NA
https://files.ssi.dk/covid19/overvagning/data/data-epidemiologiske-rapport-27052020-uaa6.zip,data-epidemiologiske-rapport-27052020-uaa6.zip,FALSE,FALSE,2020-06-16T13:37:51Z,2020-05-27,NA,NA,NA
https://files.ssi.dk/covid19/overvagning/data/data-epidemiologiske-rapport-26052020-snn6.zip,data-epidemiologiske-rapport-26052020-snn6.zip,FALSE,FALSE,2020-06-16T13:37:51Z,2020-05-26,NA,NA,NA
https://files.ssi.dk/covid19/overvagning/data/data-epidemiologisk-rapport-25052020-us12.zip,data-epidemiologisk-rapport-25052020-us12.zip,FALSE,FALSE,2020-06-16T13:37:51Z,2020-05-25,NA,NA,NA
https://files.ssi.dk/covid19/overvagning/data/data-epidemiologisk-rapport-22052020-kr12.zip,data-epidemiologisk-rapport-22052020-kr12.zip,FALSE,FALSE,2020-06-16T13:37:51Z,2020-05-22,NA,NA,NA
https://files.ssi.dk/covid19/overvagning/data/data-epidemiologisk-rapport-20052020-mj20.zip,data-epidemiologisk-rapport-20052020-mj20.zip,FALSE,FALSE,2020-06-16T13:37:51Z,2020-05-20,NA,NA,NA
https://files.ssi.dk/covid19/overvagning/data/data-epidemiologiske-rapport-19052020-45iu.zip,data-epidemiologiske-rapport-19052020-45iu.zip,FALSE,FALSE,2020-06-16T13:37:51Z,2020-05-19,NA,NA,NA
https://files.ssi.dk/covid19/overvagning/data/data-epidemiologiske-rapport-18052020-op50.zip,data-epidemiologiske-rapport-18052020-op50.zip,FALSE,FALSE,2020-06-16T13:37:51Z,2020-05-18,NA,NA,NA
https://files.ssi.dk/covid19/overvagning/data/data-epidemiologiske-rapport-17052020-o0q7.zip,data-epidemiologiske-rapport-17052020-o0q7.zip,FALSE,FALSE,2020-06-16T13:37:51Z,2020-05-17,NA,NA,NA
https://files.ssi.dk/covid19/overvagning/data/data-epidemiologisk-rapport-16052020-12345.zip,data-epidemiologisk-rapport-16052020-12345.zip,FALSE,FALSE,2020-06-16T13:37:51Z,2020-05-16,NA,NA,NA
https://files.ssi.dk/covid19/overvagning/data/data-epidemiologiske-rapport-15052020-ssp6.zip,data-epidemiologiske-rapport-15052020-ssp6.zip,FALSE,FALSE,2020-06-16T13:37:51Z,2020-05-15,NA,NA,NA
https://files.ssi.dk/covid19/overvagning/data/data-epidemiologiske-rapport-14052020-rtt6.zip,data-epidemiologiske-rapport-14052020-rtt6.zip,FALSE,FALSE,2020-06-16T13:37:51Z,2020-05-14,NA,NA,NA
https://files.ssi.dk/covid19/overvagning/data/data-epidemiologiske-rapport-13052020-xrpt.zip,data-epidemiologiske-rapport-13052020-xrpt.zip,FALSE,FALSE,2020-06-16T13:37:51Z,2020-05-13,NA,NA,NA
https://files.ssi.dk/covid19/overvagning/data/data-epidemiologiske-rapport-12052020-h28s.zip,data-epidemiologiske-rapport-12052020-h28s.zip,FALSE,FALSE,2020-06-16T13:37:51Z,2020-05-12,NA,NA,NA
https://files.ssi.dk/covid19/overvagning/data/data-epidemiologiske-rapport-11052020-st5r.zip,data-epidemiologiske-rapport-11052020-st5r.zip,FALSE,FALSE,2020-06-16T13:37:51Z,2020-05-11,NA,NA,NA
https://files.ssi.dk/covid19/overvagning/data/data-epidemiologiske-rapport-10052020-rk3y.zip,data-epidemiologiske-rapport-10052020-rk3y.zip,FALSE,FALSE,2020-06-16T13:37:51Z,2020-05-10,NA,NA,NA
https://files.ssi.dk/covid19/overvagning/data/data-epidemiologiske-rapport-09052020-op90.zip,data-epidemiologiske-rapport-09052020-op90.zip,FALSE,FALSE,2020-06-16T13:37:51Z,2020-05-09,NA,NA,NA
https://files.ssi.dk/covid19/overvagning/data/data-epidemiologiske-rapport-08052020-krk5.zip,data-epidemiologiske-rapport-08052020-krk5.zip,FALSE,FALSE,2020-06-16T13:37:51Z,2020-05-08,NA,NA,NA
https://files.ssi.dk/covid19/overvagning/data/data-epidemiologiske-rapport-07052020-s95t.zip,data-epidemiologiske-rapport-07052020-s95t.zip,FALSE,FALSE,2020-06-16T13:37:51Z,2020-05-07,NA,NA,NA
https://files.ssi.dk/covid19/overvagning/data/data-epidemiologiske-rapport-06052020-rt3y.zip,data-epidemiologiske-rapport-06052020-rt3y.zip,FALSE,FALSE,2020-06-16T13:37:51Z,2020-05-06,NA,NA,NA
